filename,width,height,class,xmin,ymin,xmax,ymax
blister_7.jpg,275,183,pill,30,55,64,85
blister_7.jpg,275,183,pill,73,55,107,85
blister_7.jpg,275,183,pill,117,56,151,86
blister_7.jpg,275,183,pill,161,56,195,86
blister_7.jpg,275,183,pill,206,55,240,85
blister_7.jpg,275,183,pill,207,102,241,132
blister_7.jpg,275,183,pill,162,102,196,132
blister_7.jpg,275,183,pill,117,103,151,133
blister_7.jpg,275,183,pill,72,103,106,133
blister_7.jpg,275,183,pill,28,102,62,132
blister_10.jpg,254,198,pill,59,41,89,71
blister_10.jpg,254,198,pill,93,40,123,70
blister_10.jpg,254,198,pill,128,40,158,70
blister_10.jpg,254,198,pill,163,40,193,70
blister_10.jpg,254,198,pill,163,93,193,123
blister_10.jpg,254,198,pill,128,93,158,123
blister_10.jpg,254,198,pill,93,93,123,123
blister_10.jpg,254,198,pill,58,93,88,123
blister_38.jpg,258,195,pill,53,48,86,73
blister_38.jpg,258,195,pill,101,23,133,49
blister_38.jpg,258,195,pill,118,35,153,65
blister_38.jpg,258,195,pill,135,52,170,82
blister_38.jpg,258,195,pill,86,80,121,110
blister_38.jpg,258,195,pill,68,65,103,95
blister_39.jpg,275,183,pill,55,1,91,28
blister_39.jpg,275,183,pill,38,29,74,57
blister_39.jpg,275,183,pill,89,6,125,34
blister_39.jpg,275,183,pill,121,17,157,45
blister_39.jpg,275,183,pill,149,28,185,56
blister_39.jpg,275,183,pill,178,42,214,70
blister_39.jpg,275,183,pill,157,63,193,91
blister_39.jpg,275,183,pill,129,52,165,80
blister_39.jpg,275,183,pill,102,43,138,71
blister_39.jpg,275,183,pill,74,34,106,62
blister_39.jpg,275,183,pill,92,73,124,101
blister_39.jpg,275,183,pill,80,98,113,129
blister_39.jpg,275,183,pill,117,94,150,125
blister_39.jpg,275,183,pill,109,121,142,152
blister_39.jpg,275,183,pill,146,112,179,143
blister_39.jpg,275,183,pill,138,142,171,173
blister_39.jpg,275,183,pill,173,131,206,162
blister_39.jpg,275,183,pill,169,161,200,183
blister_39.jpg,275,183,pill,204,146,233,177
blister_11.jpg,183,275,pill,52,206,87,242
blister_6.jpg,181,278,pill,80,22,90,33
blister_6.jpg,181,278,pill,97,21,108,33
blister_6.jpg,181,278,pill,114,21,127,33
blister_6.jpg,181,278,pill,131,21,144,32
blister_6.jpg,181,278,pill,149,21,162,33
blister_6.jpg,181,278,pill,79,41,91,53
blister_6.jpg,181,278,pill,96,41,109,54
blister_6.jpg,181,278,pill,114,41,127,54
blister_6.jpg,181,278,pill,131,41,144,54
blister_6.jpg,181,278,pill,148,41,162,54
blister_6.jpg,181,278,pill,83,66,98,82
blister_6.jpg,181,278,pill,99,66,113,82
blister_6.jpg,181,278,pill,114,66,129,82
blister_6.jpg,181,278,pill,130,67,145,82
blister_6.jpg,181,278,pill,146,67,161,82
blister_6.jpg,181,278,pill,82,84,99,98
blister_6.jpg,181,278,pill,99,83,114,97
blister_6.jpg,181,278,pill,115,84,129,98
blister_6.jpg,181,278,pill,131,83,144,98
blister_6.jpg,181,278,pill,146,83,161,98
blister_6.jpg,181,278,pill,82,100,98,115
blister_6.jpg,181,278,pill,99,100,114,115
blister_6.jpg,181,278,pill,115,99,129,115
blister_6.jpg,181,278,pill,131,100,145,116
blister_6.jpg,181,278,pill,146,100,160,115
blister_6.jpg,181,278,pill,20,19,40,34
blister_6.jpg,181,278,pill,21,37,39,50
blister_6.jpg,181,278,pill,21,53,40,67
blister_6.jpg,181,278,pill,20,70,40,82
blister_6.jpg,181,278,pill,20,85,39,98
blister_6.jpg,181,278,pill,20,103,40,115
blister_6.jpg,181,278,pill,48,21,67,33
blister_6.jpg,181,278,pill,47,38,67,50
blister_6.jpg,181,278,pill,47,54,67,67
blister_6.jpg,181,278,pill,46,70,68,82
blister_6.jpg,181,278,pill,46,85,68,99
blister_6.jpg,181,278,pill,46,103,68,115
blister_6.jpg,181,278,pill,37,127,60,149
blister_6.jpg,181,278,pill,64,127,87,149
blister_6.jpg,181,278,pill,92,126,115,148
blister_6.jpg,181,278,pill,118,125,144,149
blister_6.jpg,181,278,pill,36,149,62,173
blister_6.jpg,181,278,pill,63,149,89,173
blister_6.jpg,181,278,pill,90,149,116,173
blister_6.jpg,181,278,pill,118,150,144,174
blister_6.jpg,181,278,pill,21,188,48,201
blister_6.jpg,181,278,pill,21,203,50,215
blister_6.jpg,181,278,pill,20,217,49,229
blister_6.jpg,181,278,pill,21,230,48,243
blister_6.jpg,181,278,pill,22,245,49,258
blister_6.jpg,181,278,pill,55,188,84,201
blister_6.jpg,181,278,pill,55,204,84,215
blister_6.jpg,181,278,pill,55,217,85,229
blister_6.jpg,181,278,pill,56,232,84,242
blister_6.jpg,181,278,pill,56,246,83,258
blister_6.jpg,181,278,pill,102,187,124,200
blister_6.jpg,181,278,pill,102,207,124,219
blister_6.jpg,181,278,pill,102,226,123,239
blister_6.jpg,181,278,pill,102,246,123,259
blister_6.jpg,181,278,pill,142,187,162,201
blister_6.jpg,181,278,pill,142,206,163,220
blister_6.jpg,181,278,pill,142,226,163,238
blister_6.jpg,181,278,pill,141,244,163,259
blister_4.jpg,216,233,pill,38,56,59,96
blister_4.jpg,216,233,pill,68,55,89,95
blister_4.jpg,216,233,pill,97,55,118,95
blister_4.jpg,216,233,pill,126,55,147,95
blister_4.jpg,216,233,pill,155,55,176,95
blister_4.jpg,216,233,pill,156,102,177,142
blister_4.jpg,216,233,pill,126,103,147,143
blister_4.jpg,216,233,pill,97,103,118,143
blister_4.jpg,216,233,pill,68,103,89,143
blister_4.jpg,216,233,pill,38,103,59,143
blister_13.png,500,500,pill,126,43,212,122
blister_13.png,500,500,pill,207,95,293,174
blister_13.png,500,500,pill,285,43,371,122
blister_13.png,500,500,pill,287,152,373,231
blister_13.png,500,500,pill,127,148,213,227
blister_13.png,500,500,pill,127,259,213,338
blister_13.png,500,500,pill,289,262,375,341
blister_13.png,500,500,pill,210,316,296,395
blister_13.png,500,500,pill,290,371,376,450
blister_13.png,500,500,pill,132,372,218,451
blister_12.jpg,247,204,pill,22,17,53,71
blister_12.jpg,247,204,pill,62,17,93,71
blister_12.jpg,247,204,pill,103,18,134,72
blister_12.jpg,247,204,pill,144,18,175,72
blister_12.jpg,247,204,pill,183,18,214,72
blister_12.jpg,247,204,pill,184,106,215,160
blister_12.jpg,247,204,pill,143,107,174,161
blister_12.jpg,247,204,pill,102,107,133,161
blister_12.jpg,247,204,pill,61,107,92,161
blister_12.jpg,247,204,pill,21,107,52,161
blister_5.jpg,225,225,pill,40,65,66,90
blister_5.jpg,225,225,pill,70,64,96,89
blister_5.jpg,225,225,pill,98,64,124,89
blister_5.jpg,225,225,pill,127,64,153,89
blister_5.jpg,225,225,pill,157,64,183,89
blister_5.jpg,225,225,pill,156,119,182,144
blister_5.jpg,225,225,pill,127,119,153,144
blister_5.jpg,225,225,pill,98,119,124,144
blister_5.jpg,225,225,pill,69,119,95,144
blister_5.jpg,225,225,pill,41,119,67,144
blister_1.jpg,749,725,pill,66,245,148,320
blister_1.jpg,749,725,pill,149,186,222,260
blister_1.jpg,749,725,pill,228,127,301,201
blister_1.jpg,749,725,pill,305,66,378,140
blister_1.jpg,749,725,pill,133,326,206,400
blister_1.jpg,749,725,pill,211,266,284,340
blister_1.jpg,749,725,pill,289,206,362,280
blister_1.jpg,749,725,pill,363,144,436,218
blister_1.jpg,749,725,pill,426,223,499,297
blister_1.jpg,749,725,pill,350,284,423,358
blister_1.jpg,749,725,pill,273,343,346,417
blister_1.jpg,749,725,pill,195,405,268,480
blister_1.jpg,749,725,pill,256,484,329,558
blister_1.jpg,749,725,pill,333,424,406,498
blister_1.jpg,749,725,pill,411,362,484,436
blister_1.jpg,749,725,pill,489,302,562,376
blister_1.jpg,749,725,pill,319,564,392,638
blister_1.jpg,749,725,pill,397,503,470,577
blister_1.jpg,749,725,pill,473,438,546,513
blister_1.jpg,749,725,pill,550,379,623,454
blister_16.png,500,500,pill,116,46,208,135
blister_16.png,500,500,pill,291,42,383,131
blister_16.png,500,500,pill,297,140,389,229
blister_16.png,500,500,pill,206,143,298,232
blister_16.png,500,500,pill,117,145,209,234
blister_16.png,500,500,pill,117,246,209,335
blister_16.png,500,500,pill,210,239,302,328
blister_16.png,500,500,pill,302,237,394,326
blister_16.png,500,500,pill,301,337,393,426
blister_16.png,500,500,pill,123,341,215,430
blister_17.jpg,1024,717,pill,179,141,261,227
blister_17.jpg,1024,717,pill,284,137,366,223
blister_17.jpg,1024,717,pill,391,133,473,219
blister_17.jpg,1024,717,pill,499,131,581,217
blister_17.jpg,1024,717,pill,604,128,686,214
blister_17.jpg,1024,717,pill,710,125,792,211
blister_17.jpg,1024,717,pill,716,229,798,315
blister_17.jpg,1024,717,pill,609,234,691,320
blister_17.jpg,1024,717,pill,505,236,587,322
blister_17.jpg,1024,717,pill,395,239,477,325
blister_17.jpg,1024,717,pill,288,242,370,328
blister_17.jpg,1024,717,pill,183,245,265,331
blister_17.jpg,1024,717,pill,185,350,267,436
blister_17.jpg,1024,717,pill,296,349,378,435
blister_17.jpg,1024,717,pill,400,346,482,432
blister_17.jpg,1024,717,pill,507,343,589,429
blister_17.jpg,1024,717,pill,614,343,696,429
blister_17.jpg,1024,717,pill,722,339,804,425
blister_17.jpg,1024,717,pill,723,442,805,528
blister_17.jpg,1024,717,pill,616,444,698,530
blister_17.jpg,1024,717,pill,507,447,589,533
blister_17.jpg,1024,717,pill,404,449,486,535
blister_17.jpg,1024,717,pill,297,454,379,540
blister_17.jpg,1024,717,pill,189,454,271,540
blister_17.jpg,1024,717,pill,192,557,274,643
blister_17.jpg,1024,717,pill,300,557,382,643
blister_17.jpg,1024,717,pill,406,554,488,640
blister_17.jpg,1024,717,pill,508,554,590,640
blister_17.jpg,1024,717,pill,615,553,697,639
blister_17.jpg,1024,717,pill,724,550,806,636
blister_2.jpg,216,233,pill,40,56,60,96
blister_2.jpg,216,233,pill,68,56,88,96
blister_2.jpg,216,233,pill,97,56,117,96
blister_2.jpg,216,233,pill,126,56,146,96
blister_2.jpg,216,233,pill,156,56,176,96
blister_2.jpg,216,233,pill,156,103,176,143
blister_2.jpg,216,233,pill,126,103,146,143
blister_2.jpg,216,233,pill,97,103,117,143
blister_2.jpg,216,233,pill,68,102,88,142
blister_2.jpg,216,233,pill,40,102,61,143
blister_29.jpg,296,170,pill,37,42,76,79
blister_29.jpg,296,170,pill,82,42,121,79
blister_29.jpg,296,170,pill,129,42,168,79
blister_29.jpg,296,170,pill,175,43,214,80
blister_29.jpg,296,170,pill,176,89,215,126
blister_29.jpg,296,170,pill,129,88,168,125
blister_29.jpg,296,170,pill,83,89,122,126
blister_29.jpg,296,170,pill,37,88,76,125
blister_15.jpg,800,533,pill,164,107,243,250
blister_15.jpg,800,533,pill,262,107,341,250
blister_15.jpg,800,533,pill,369,105,448,248
blister_15.jpg,800,533,pill,469,106,548,249
blister_15.jpg,800,533,pill,571,104,650,247
blister_15.jpg,800,533,pill,575,288,654,431
blister_15.jpg,800,533,pill,474,287,553,430
blister_15.jpg,800,533,pill,370,287,449,430
blister_15.jpg,800,533,pill,266,286,345,429
blister_15.jpg,800,533,pill,164,287,243,430
blister_14.jpg,1200,1811,pill,257,406,378,675
blister_14.jpg,1200,1811,pill,393,409,514,678
blister_14.jpg,1200,1811,pill,533,409,654,678
blister_14.jpg,1200,1811,pill,676,409,797,678
blister_14.jpg,1200,1811,pill,808,414,929,683
blister_14.jpg,1200,1811,pill,805,734,926,1003
blister_14.jpg,1200,1811,pill,677,734,798,1003
blister_14.jpg,1200,1811,pill,535,730,656,999
blister_14.jpg,1200,1811,pill,397,728,518,997
blister_14.jpg,1200,1811,pill,261,731,382,1000
blister_14.jpg,1200,1811,pill,256,1062,377,1331
blister_28.jpg,259,194,pill,12,52,34,68
blister_28.jpg,259,194,pill,46,33,68,49
blister_28.jpg,259,194,pill,26,64,48,80
blister_28.jpg,259,194,pill,43,52,66,70
blister_28.jpg,259,194,pill,60,42,83,59
blister_28.jpg,259,194,pill,76,51,99,68
blister_28.jpg,259,194,pill,59,63,82,80
blister_28.jpg,259,194,pill,41,74,64,91
blister_28.jpg,259,194,pill,58,87,81,104
blister_28.jpg,259,194,pill,76,75,99,92
blister_28.jpg,259,194,pill,93,63,116,80
blister_28.jpg,259,194,pill,110,73,133,91
blister_28.jpg,259,194,pill,94,87,117,105
blister_28.jpg,259,194,pill,76,99,99,120
blister_28.jpg,259,194,pill,129,82,152,103
blister_3.jpg,254,198,pill,65,39,82,78
blister_3.jpg,254,198,pill,91,38,108,77
blister_3.jpg,254,198,pill,119,38,136,77
blister_3.jpg,254,198,pill,146,38,163,77
blister_3.jpg,254,198,pill,173,39,190,78
blister_3.jpg,254,198,pill,173,92,190,131
blister_3.jpg,254,198,pill,146,92,163,131
blister_3.jpg,254,198,pill,119,92,136,131
blister_3.jpg,254,198,pill,92,92,109,131
blister_3.jpg,254,198,pill,65,92,82,131
blister_67.jp2,387,280,pill,180,87,251,136
blister_67.jp2,387,280,pill,271,90,342,139
blister_67.jp2,387,280,pill,241,132,312,181
blister_73.jp2,260,280,pill,59,42,84,67
blister_73.jp2,260,280,pill,86,42,111,67
blister_73.jp2,260,280,pill,114,41,139,66
blister_73.jp2,260,280,pill,142,41,167,66
blister_73.jp2,260,280,pill,170,42,195,67
blister_73.jp2,260,280,pill,170,71,195,96
blister_73.jp2,260,280,pill,142,71,167,96
blister_73.jp2,260,280,pill,114,71,139,96
blister_73.jp2,260,280,pill,87,70,112,95
blister_73.jp2,260,280,pill,58,71,83,96
blister_73.jp2,260,280,pill,56,123,80,167
blister_73.jp2,260,280,pill,56,173,80,217
blister_73.jp2,260,280,pill,85,123,109,167
blister_73.jp2,260,280,pill,84,172,108,216
blister_73.jp2,260,280,pill,113,123,137,167
blister_73.jp2,260,280,pill,113,172,137,216
blister_73.jp2,260,280,pill,142,172,166,216
blister_73.jp2,260,280,pill,142,122,166,166
blister_73.jp2,260,280,pill,171,122,195,166
blister_73.jp2,260,280,pill,171,172,195,216
blister_72.jpg,263,192,pill,93,49,105,63
blister_72.jpg,263,192,pill,108,48,121,62
blister_72.jpg,263,192,pill,125,48,137,62
blister_72.jpg,263,192,pill,139,46,153,61
blister_72.jpg,263,192,pill,155,46,170,61
blister_72.jpg,263,192,pill,93,64,107,78
blister_72.jpg,263,192,pill,109,63,122,76
blister_72.jpg,263,192,pill,126,63,139,76
blister_72.jpg,263,192,pill,141,62,155,75
blister_72.jpg,263,192,pill,157,61,172,74
blister_72.jpg,263,192,pill,47,106,62,121
blister_72.jpg,263,192,pill,60,96,73,111
blister_72.jpg,263,192,pill,71,86,85,100
blister_72.jpg,263,192,pill,84,76,98,90
blister_72.jpg,263,192,pill,108,77,123,91
blister_72.jpg,263,192,pill,97,88,110,99
blister_72.jpg,263,192,pill,86,97,97,110
blister_72.jpg,263,192,pill,72,108,85,120
blister_72.jpg,263,192,pill,59,119,72,131
blister_72.jpg,263,192,pill,44,134,60,147
blister_72.jpg,263,192,pill,54,149,68,163
blister_72.jpg,263,192,pill,69,140,84,153
blister_72.jpg,263,192,pill,83,132,99,145
blister_72.jpg,263,192,pill,100,123,113,137
blister_72.jpg,263,192,pill,91,110,104,122
blister_72.jpg,263,192,pill,105,101,118,114
blister_72.jpg,263,192,pill,115,116,129,128
blister_66.jpg,1600,1163,pill,350,404,589,748
blister_70.jpg,1300,956,pill,254,177,459,305
blister_70.jpg,1300,956,pill,505,99,710,227
blister_70.jpg,1300,956,pill,587,193,792,321
blister_70.jpg,1300,956,pill,344,276,549,404
blister_70.jpg,1300,956,pill,432,372,637,500
blister_64.jpg,500,420,pill,20,46,98,184
blister_64.jpg,500,420,pill,134,47,212,185
blister_64.jpg,500,420,pill,260,45,338,183
blister_64.jpg,500,420,pill,377,48,455,186
blister_64.jpg,500,420,pill,378,232,456,370
blister_64.jpg,500,420,pill,138,229,216,367
blister_64.jpg,500,420,pill,258,231,336,369
blister_58.jpg,1023,685,pill,205,140,303,322
blister_58.jpg,1023,685,pill,323,137,421,319
blister_58.jpg,1023,685,pill,456,140,554,322
blister_58.jpg,1023,685,pill,577,136,675,318
blister_58.jpg,1023,685,pill,712,143,810,325
blister_58.jpg,1023,685,pill,707,355,805,537
blister_58.jpg,1023,685,pill,583,351,681,533
blister_58.jpg,1023,685,pill,450,353,548,535
blister_58.jpg,1023,685,pill,325,353,423,535
blister_58.jpg,1023,685,pill,203,351,301,533
blister_59.jpg,1300,1095,pill,218,171,346,442
blister_59.jpg,1300,1095,pill,377,173,505,444
blister_59.jpg,1300,1095,pill,554,170,682,441
blister_59.jpg,1300,1095,pill,715,171,843,442
blister_59.jpg,1300,1095,pill,889,172,1017,443
blister_59.jpg,1300,1095,pill,890,514,1018,785
blister_59.jpg,1300,1095,pill,722,520,850,791
blister_59.jpg,1300,1095,pill,551,518,679,789
blister_59.jpg,1300,1095,pill,384,519,512,790
blister_59.jpg,1300,1095,pill,214,520,342,791
blister_65.jpg,1300,956,pill,894,395,1007,500
blister_65.jpg,1300,956,pill,802,492,915,597
blister_65.jpg,1300,956,pill,710,593,823,698
blister_65.jpg,1300,956,pill,824,662,937,767
blister_65.jpg,1300,956,pill,916,560,1029,665
blister_65.jpg,1300,956,pill,1005,461,1118,566
blister_71.jpg,269,194,pill,22,81,60,119
blister_49.jpg,1300,965,pill,179,329,338,553
blister_49.jpg,1300,965,pill,320,266,479,490
blister_49.jpg,1300,965,pill,467,218,626,442
blister_49.jpg,1300,965,pill,613,155,772,379
blister_49.jpg,1300,965,pill,764,95,923,319
blister_49.jpg,1300,965,pill,864,359,1023,583
blister_49.jpg,1300,965,pill,717,413,876,637
blister_49.jpg,1300,965,pill,577,475,736,699
blister_49.jpg,1300,965,pill,431,532,590,756
blister_49.jpg,1300,965,pill,283,587,442,811
blister_75.jp2,390,280,pill,200,105,231,136
blister_75.jp2,390,280,pill,187,135,218,166
blister_75.jp2,390,280,pill,242,118,273,149
blister_75.jp2,390,280,pill,228,149,259,180
blister_75.jp2,390,280,pill,284,130,315,161
blister_75.jp2,390,280,pill,271,162,302,193
blister_61.jpg,1000,552,pill,140,135,246,255
blister_61.jpg,1000,552,pill,278,135,384,255
blister_61.jpg,1000,552,pill,424,140,530,260
blister_61.jpg,1000,552,pill,561,138,667,258
blister_61.jpg,1000,552,pill,704,138,810,258
blister_61.jpg,1000,552,pill,702,285,808,405
blister_61.jpg,1000,552,pill,564,285,670,405
blister_61.jpg,1000,552,pill,427,284,533,404
blister_61.jpg,1000,552,pill,280,281,386,401
blister_61.jpg,1000,552,pill,143,280,249,400
blister_60.jpg,1300,956,pill,324,187,429,428
blister_60.jpg,1300,956,pill,327,450,432,691
blister_60.jpg,1300,956,pill,457,448,562,689
blister_60.jpg,1300,956,pill,595,447,700,688
blister_60.jpg,1300,956,pill,733,444,838,685
blister_60.jpg,1300,956,pill,864,438,969,679
blister_74.jpg,275,183,pill,129,69,146,111
blister_74.jpg,275,183,pill,154,68,171,110
blister_74.jpg,275,183,pill,181,67,198,109
blister_74.jpg,275,183,pill,206,66,223,108
blister_74.jpg,275,183,pill,230,64,247,106
blister_74.jpg,275,183,pill,231,114,248,156
blister_74.jpg,275,183,pill,207,115,224,157
blister_74.jpg,275,183,pill,182,118,199,160
blister_74.jpg,275,183,pill,156,120,173,162
blister_74.jpg,275,183,pill,131,119,148,161
blister_48.jpg,1300,866,pill,143,258,294,404
blister_48.jpg,1300,866,pill,349,260,500,406
blister_48.jpg,1300,866,pill,561,260,712,406
blister_48.jpg,1300,866,pill,759,259,910,405
blister_48.jpg,1300,866,pill,977,256,1128,402
blister_48.jpg,1300,866,pill,978,478,1129,624
blister_48.jpg,1300,866,pill,768,481,919,627
blister_48.jpg,1300,866,pill,347,484,498,630
blister_48.jpg,1300,866,pill,563,481,714,627
blister_48.jpg,1300,866,pill,139,483,290,629
blister_89.jpg,1600,1154,pill,52,85,147,185
blister_89.jpg,1600,1154,pill,167,83,262,183
blister_89.jpg,1600,1154,pill,283,87,378,187
blister_89.jpg,1600,1154,pill,278,208,373,308
blister_89.jpg,1600,1154,pill,164,202,259,302
blister_89.jpg,1600,1154,pill,50,201,145,301
blister_89.jpg,1600,1154,pill,58,396,249,485
blister_89.jpg,1600,1154,pill,274,392,465,481
blister_89.jpg,1600,1154,pill,280,506,471,595
blister_89.jpg,1600,1154,pill,278,616,469,705
blister_89.jpg,1600,1154,pill,274,732,465,821
blister_89.jpg,1600,1154,pill,59,734,250,823
blister_89.jpg,1600,1154,pill,58,615,249,704
blister_89.jpg,1600,1154,pill,58,506,249,595
blister_89.jpg,1600,1154,pill,756,47,896,185
blister_89.jpg,1600,1154,pill,907,47,1047,185
blister_89.jpg,1600,1154,pill,1037,42,1177,180
blister_89.jpg,1600,1154,pill,1195,45,1335,183
blister_89.jpg,1600,1154,pill,1196,186,1336,324
blister_89.jpg,1600,1154,pill,1053,185,1193,323
blister_89.jpg,1600,1154,pill,897,192,1037,330
blister_89.jpg,1600,1154,pill,755,189,895,327
blister_89.jpg,1600,1154,pill,583,370,707,504
blister_89.jpg,1600,1154,pill,724,375,848,509
blister_89.jpg,1600,1154,pill,863,381,987,515
blister_89.jpg,1600,1154,pill,1001,387,1125,521
blister_89.jpg,1600,1154,pill,1138,391,1262,525
blister_89.jpg,1600,1154,pill,997,527,1121,661
blister_89.jpg,1600,1154,pill,862,524,986,658
blister_89.jpg,1600,1154,pill,721,522,845,656
blister_89.jpg,1600,1154,pill,580,908,670,1005
blister_89.jpg,1600,1154,pill,1350,733,1452,844
blister_89.jpg,1600,1154,pill,1452,735,1554,846
blister_89.jpg,1600,1154,pill,1450,845,1552,956
blister_89.jpg,1600,1154,pill,1347,845,1449,956
blister_62.jpg,1024,679,pill,110,185,250,320
blister_62.jpg,1024,679,pill,269,189,409,324
blister_62.jpg,1024,679,pill,426,191,566,326
blister_62.jpg,1024,679,pill,577,193,717,328
blister_62.jpg,1024,679,pill,738,349,878,484
blister_62.jpg,1024,679,pill,740,187,880,322
blister_62.jpg,1024,679,pill,581,349,721,484
blister_62.jpg,1024,679,pill,422,347,562,482
blister_62.jpg,1024,679,pill,266,348,406,483
blister_62.jpg,1024,679,pill,114,348,254,483
blister_76.jpg,459,612,pill,338,215,401,284
blister_77.jpg,205,165,pill,155,104,183,135
blister_63.jpg,270,187,pill,71,46,95,73
blister_63.jpg,270,187,pill,57,72,81,99
blister_63.jpg,270,187,pill,82,85,106,112
blister_63.jpg,270,187,pill,95,59,119,86
blister_63.jpg,270,187,pill,107,99,131,126
blister_63.jpg,270,187,pill,186,61,210,88
blister_88.jp2,325,280,pill,97,27,136,124
blister_88.jp2,325,280,pill,146,25,185,122
blister_88.jp2,325,280,pill,193,27,232,124
blister_88.jp2,325,280,pill,243,26,282,123
blister_88.jp2,325,280,pill,244,136,283,233
blister_88.jp2,325,280,pill,194,134,233,231
blister_88.jp2,325,280,pill,147,134,186,231
blister_88.jp2,325,280,pill,98,134,137,231
blister_85.jpg,960,640,pill,110,203,216,320
blister_85.jpg,960,640,pill,247,204,353,321
blister_85.jpg,960,640,pill,380,204,486,321
blister_85.jpg,960,640,pill,511,206,617,323
blister_85.jpg,960,640,pill,641,205,747,322
blister_85.jpg,960,640,pill,646,336,752,453
blister_85.jpg,960,640,pill,513,336,619,453
blister_85.jpg,960,640,pill,383,338,489,455
blister_85.jpg,960,640,pill,248,337,354,454
blister_85.jpg,960,640,pill,111,342,217,459
blister_91.jpg,1600,1223,pill,230,571,440,738
blister_91.jpg,1600,1223,pill,459,500,661,649
blister_91.jpg,1600,1223,pill,669,414,855,573
blister_91.jpg,1600,1223,pill,861,339,1047,498
blister_91.jpg,1600,1223,pill,1056,258,1242,417
blister_91.jpg,1600,1223,pill,1176,386,1362,545
blister_91.jpg,1600,1223,pill,986,462,1172,621
blister_91.jpg,1600,1223,pill,775,550,961,709
blister_91.jpg,1600,1223,pill,564,652,750,811
blister_91.jpg,1600,1223,pill,340,741,526,900
blister_46.jpg,1300,866,pill,376,124,563,277
blister_46.jpg,1300,866,pill,150,239,367,385
blister_46.jpg,1300,866,pill,257,302,474,448
blister_46.jpg,1300,866,pill,381,373,602,536
blister_46.jpg,1300,866,pill,514,453,735,616
blister_46.jpg,1300,866,pill,652,544,889,717
blister_46.jpg,1300,866,pill,883,411,1120,584
blister_46.jpg,1300,866,pill,742,322,979,495
blister_46.jpg,1300,866,pill,620,266,857,439
blister_46.jpg,1300,866,pill,498,199,713,344
blister_52.jpg,800,533,pill,205,107,272,237
blister_52.jpg,800,533,pill,303,107,370,237
blister_52.jpg,800,533,pill,398,111,465,241
blister_52.jpg,800,533,pill,494,108,561,238
blister_52.jpg,800,533,pill,592,108,659,238
blister_52.jpg,800,533,pill,593,291,660,421
blister_52.jpg,800,533,pill,494,287,561,417
blister_52.jpg,800,533,pill,395,286,462,416
blister_52.jpg,800,533,pill,297,287,364,417
blister_52.jpg,800,533,pill,201,286,268,416
blister_53.jpg,800,531,pill,207,105,281,222
blister_53.jpg,800,531,pill,292,105,366,222
blister_53.jpg,800,531,pill,374,108,448,225
blister_53.jpg,800,531,pill,460,107,534,224
blister_53.jpg,800,531,pill,537,106,611,223
blister_53.jpg,800,531,pill,539,288,613,405
blister_53.jpg,800,531,pill,456,283,530,400
blister_53.jpg,800,531,pill,373,283,447,400
blister_53.jpg,800,531,pill,289,283,363,400
blister_53.jpg,800,531,pill,206,282,280,399
blister_47.jpg,1300,1224,pill,249,244,359,514
blister_47.jpg,1300,1224,pill,423,244,533,514
blister_47.jpg,1300,1224,pill,770,251,880,521
blister_47.jpg,1300,1224,pill,600,245,710,515
blister_47.jpg,1300,1224,pill,950,255,1060,525
blister_47.jpg,1300,1224,pill,946,611,1056,881
blister_47.jpg,1300,1224,pill,775,614,885,884
blister_47.jpg,1300,1224,pill,596,604,706,874
blister_47.jpg,1300,1224,pill,413,605,523,875
blister_47.jpg,1300,1224,pill,242,599,352,869
blister_90.jpg,1600,1167,pill,473,342,618,442
blister_90.jpg,1600,1167,pill,632,234,777,334
blister_90.jpg,1600,1167,pill,632,354,777,454
blister_90.jpg,1600,1167,pill,630,464,775,564
blister_90.jpg,1600,1167,pill,628,567,773,667
blister_90.jpg,1600,1167,pill,629,682,774,782
blister_90.jpg,1600,1167,pill,793,681,938,781
blister_90.jpg,1600,1167,pill,794,581,939,681
blister_90.jpg,1600,1167,pill,789,466,934,566
blister_90.jpg,1600,1167,pill,796,354,941,454
blister_90.jpg,1600,1167,pill,794,237,939,337
blister_90.jpg,1600,1167,pill,954,235,1099,335
blister_90.jpg,1600,1167,pill,953,356,1098,456
blister_90.jpg,1600,1167,pill,952,467,1097,567
blister_90.jpg,1600,1167,pill,950,571,1095,671
blister_90.jpg,1600,1167,pill,956,690,1101,790
blister_90.jpg,1600,1167,pill,1117,690,1262,790
blister_90.jpg,1600,1167,pill,1119,581,1264,681
blister_90.jpg,1600,1167,pill,1116,457,1261,557
blister_90.jpg,1600,1167,pill,1115,355,1260,455
blister_90.jpg,1600,1167,pill,1112,233,1257,333
blister_84.jpg,626,361,pill,79,89,160,169
blister_84.jpg,626,361,pill,179,88,260,168
blister_84.jpg,626,361,pill,271,90,352,170
blister_84.jpg,626,361,pill,370,90,451,170
blister_84.jpg,626,361,pill,371,188,452,268
blister_84.jpg,626,361,pill,272,185,353,265
blister_84.jpg,626,361,pill,179,188,260,268
blister_84.jpg,626,361,pill,80,187,161,267
blister_92.jpg,1300,956,pill,397,189,483,401
blister_92.jpg,1300,956,pill,509,186,595,398
blister_92.jpg,1300,956,pill,622,185,708,397
blister_92.jpg,1300,956,pill,738,187,824,399
blister_92.jpg,1300,956,pill,850,186,936,398
blister_92.jpg,1300,956,pill,851,437,937,649
blister_92.jpg,1300,956,pill,741,429,827,641
blister_92.jpg,1300,956,pill,627,432,713,644
blister_92.jpg,1300,956,pill,509,435,595,647
blister_92.jpg,1300,956,pill,400,433,486,645
blister_86.jpg,275,183,pill,41,72,87,111
blister_86.jpg,275,183,pill,71,102,117,141
blister_86.jpg,275,183,pill,81,54,121,88
blister_86.jpg,275,183,pill,110,79,150,113
blister_86.jpg,275,183,pill,111,40,151,74
blister_86.jpg,275,183,pill,139,60,179,94
blister_86.jpg,275,183,pill,139,28,171,55
blister_86.jpg,275,183,pill,167,47,199,74
blister_86.jpg,275,183,pill,160,16,192,43
blister_86.jpg,275,183,pill,187,32,219,59
blister_51.jpg,1300,875,pill,312,188,442,440
blister_51.jpg,1300,875,pill,462,189,592,441
blister_51.jpg,1300,875,pill,618,189,748,441
blister_51.jpg,1300,875,pill,768,188,898,440
blister_51.jpg,1300,875,pill,916,188,1046,440
blister_51.jpg,1300,875,pill,926,466,1056,718
blister_51.jpg,1300,875,pill,776,463,906,715
blister_51.jpg,1300,875,pill,622,465,752,717
blister_51.jpg,1300,875,pill,472,465,602,717
blister_51.jpg,1300,875,pill,321,470,451,722
blister_79.jpg,612,441,pill,46,38,79,76
blister_79.jpg,612,441,pill,80,39,113,77
blister_79.jpg,612,441,pill,115,38,148,76
blister_79.jpg,612,441,pill,149,38,182,76
blister_79.jpg,612,441,pill,184,37,217,75
blister_79.jpg,612,441,pill,220,36,253,74
blister_79.jpg,612,441,pill,254,37,287,75
blister_79.jpg,612,441,pill,222,75,255,113
blister_79.jpg,612,441,pill,186,73,219,111
blister_79.jpg,612,441,pill,149,74,182,112
blister_79.jpg,612,441,pill,116,75,149,113
blister_79.jpg,612,441,pill,81,76,114,114
blister_79.jpg,612,441,pill,46,76,79,114
blister_79.jpg,612,441,pill,45,111,78,149
blister_79.jpg,612,441,pill,80,112,113,150
blister_79.jpg,612,441,pill,116,112,149,150
blister_79.jpg,612,441,pill,151,110,184,148
blister_79.jpg,612,441,pill,187,109,220,147
blister_79.jpg,612,441,pill,221,111,254,149
blister_79.jpg,612,441,pill,255,109,288,147
blister_79.jpg,612,441,pill,41,225,100,254
blister_79.jpg,612,441,pill,40,256,99,285
blister_79.jpg,612,441,pill,39,286,98,315
blister_79.jpg,612,441,pill,40,319,99,348
blister_79.jpg,612,441,pill,38,349,97,378
blister_79.jpg,612,441,pill,113,349,172,378
blister_79.jpg,612,441,pill,113,317,172,346
blister_79.jpg,612,441,pill,113,286,172,315
blister_79.jpg,612,441,pill,113,255,172,284
blister_79.jpg,612,441,pill,114,224,173,253
blister_79.jpg,612,441,pill,438,43,492,77
blister_79.jpg,612,441,pill,437,89,491,123
blister_79.jpg,612,441,pill,439,134,493,168
blister_79.jpg,612,441,pill,438,181,492,215
blister_79.jpg,612,441,pill,437,228,491,262
blister_79.jpg,612,441,pill,520,224,574,258
blister_79.jpg,612,441,pill,521,179,575,213
blister_79.jpg,612,441,pill,520,133,574,167
blister_79.jpg,612,441,pill,518,86,572,120
blister_79.jpg,612,441,pill,519,41,573,75
blister_79.jpg,612,441,pill,324,279,356,316
blister_79.jpg,612,441,pill,323,314,355,351
blister_79.jpg,612,441,pill,323,349,355,386
blister_79.jpg,612,441,pill,360,350,392,387
blister_79.jpg,612,441,pill,360,312,392,349
blister_79.jpg,612,441,pill,360,278,392,315
blister_79.jpg,612,441,pill,396,276,428,313
blister_79.jpg,612,441,pill,397,313,429,350
blister_79.jpg,612,441,pill,397,350,429,387
blister_79.jpg,612,441,pill,434,350,466,387
blister_79.jpg,612,441,pill,434,313,466,350
blister_79.jpg,612,441,pill,435,276,467,313
blister_79.jpg,612,441,pill,472,278,504,315
blister_79.jpg,612,441,pill,471,314,503,351
blister_79.jpg,612,441,pill,471,351,503,388
blister_79.jpg,612,441,pill,508,351,540,388
blister_79.jpg,612,441,pill,510,314,542,351
blister_79.jpg,612,441,pill,509,276,541,313
blister_79.jpg,612,441,pill,546,278,578,315
blister_79.jpg,612,441,pill,547,315,579,352
blister_79.jpg,612,441,pill,547,352,579,389
blister_78.jpg,270,214,pill,152,36,186,61
blister_78.jpg,270,214,pill,136,56,170,81
blister_78.jpg,270,214,pill,121,81,155,106
blister_78.jpg,270,214,pill,103,104,140,134
blister_78.jpg,270,214,pill,85,132,122,162
blister_78.jpg,270,214,pill,215,60,252,90
blister_78.jpg,270,214,pill,203,80,240,110
blister_78.jpg,270,214,pill,188,108,225,138
blister_78.jpg,270,214,pill,174,135,211,165
blister_78.jpg,270,214,pill,158,165,195,195
blister_50.jpg,1300,902,pill,202,171,391,361
blister_50.jpg,1300,902,pill,435,177,624,367
blister_50.jpg,1300,902,pill,314,370,503,560
blister_50.jpg,1300,902,pill,198,563,387,753
blister_50.jpg,1300,902,pill,430,565,619,755
blister_50.jpg,1300,902,pill,673,560,862,750
blister_50.jpg,1300,902,pill,905,563,1094,753
blister_50.jpg,1300,902,pill,791,366,980,556
blister_50.jpg,1300,902,pill,669,169,858,359
blister_50.jpg,1300,902,pill,915,172,1104,362
blister_87.jpg,1600,1167,pill,561,404,685,557
blister_87.jpg,1600,1167,pill,427,518,578,654
blister_87.jpg,1600,1167,pill,557,568,708,704
blister_87.jpg,1600,1167,pill,659,463,810,599
blister_87.jpg,1600,1167,pill,756,320,907,456
blister_87.jpg,1600,1167,pill,880,373,1031,509
blister_87.jpg,1600,1167,pill,784,490,935,626
blister_87.jpg,1600,1167,pill,677,606,828,742
blister_87.jpg,1600,1167,pill,798,650,949,786
blister_87.jpg,1600,1167,pill,906,542,1057,678
blister_87.jpg,1600,1167,pill,999,420,1150,556
blister_87.jpg,1600,1167,pill,1122,460,1273,596
blister_87.jpg,1600,1167,pill,1029,581,1180,717
blister_87.jpg,1600,1167,pill,920,709,1071,845
blister_93.jpg,1300,866,pill,281,112,386,407
blister_93.jpg,1300,866,pill,433,107,538,402
blister_93.jpg,1300,866,pill,608,118,713,413
blister_93.jpg,1300,866,pill,929,113,1034,408
blister_93.jpg,1300,866,pill,765,114,870,409
blister_93.jpg,1300,866,pill,932,460,1037,755
blister_93.jpg,1300,866,pill,767,459,872,754
blister_93.jpg,1300,866,pill,608,460,713,755
blister_93.jpg,1300,866,pill,440,456,545,751
blister_93.jpg,1300,866,pill,272,455,387,746
blister_83.jpg,1023,682,pill,114,200,231,314
blister_83.jpg,1023,682,pill,294,199,411,313
blister_83.jpg,1023,682,pill,461,198,578,312
blister_83.jpg,1023,682,pill,628,197,745,311
blister_83.jpg,1023,682,pill,808,198,925,312
blister_83.jpg,1023,682,pill,803,397,920,511
blister_83.jpg,1023,682,pill,632,400,749,514
blister_83.jpg,1023,682,pill,287,404,404,518
blister_83.jpg,1023,682,pill,467,401,584,515
blister_83.jpg,1023,682,pill,113,402,230,516
blister_68.jpg,1600,1163,pill,449,374,822,594
blister_54.jpg,1300,956,pill,796,92,958,239
blister_54.jpg,1300,956,pill,691,140,853,287
blister_54.jpg,1300,956,pill,587,196,749,343
blister_54.jpg,1300,956,pill,480,259,642,406
blister_54.jpg,1300,956,pill,364,313,526,460
blister_54.jpg,1300,956,pill,246,377,408,524
blister_54.jpg,1300,956,pill,125,458,287,605
blister_54.jpg,1300,956,pill,306,574,485,720
blister_54.jpg,1300,956,pill,417,502,596,648
blister_54.jpg,1300,956,pill,542,434,721,580
blister_54.jpg,1300,956,pill,668,368,834,494
blister_54.jpg,1300,956,pill,773,306,939,432
blister_54.jpg,1300,956,pill,884,246,1050,372
blister_54.jpg,1300,956,pill,982,193,1148,296
blister_40.jpg,263,192,pill,36,103,68,124
blister_40.jpg,263,192,pill,63,87,95,108
blister_40.jpg,263,192,pill,90,72,122,93
blister_40.jpg,263,192,pill,145,40,177,61
blister_40.jpg,263,192,pill,117,56,149,77
blister_40.jpg,263,192,pill,169,24,201,45
blister_40.jpg,263,192,pill,185,50,217,71
blister_40.jpg,263,192,pill,158,66,190,87
blister_40.jpg,263,192,pill,131,81,163,102
blister_40.jpg,263,192,pill,105,98,137,119
blister_40.jpg,263,192,pill,78,113,110,134
blister_40.jpg,263,192,pill,53,129,85,150
blister_55.jpg,1300,875,pill,268,187,359,389
blister_55.jpg,1300,875,pill,444,180,535,382
blister_55.jpg,1300,875,pill,618,188,709,390
blister_55.jpg,1300,875,pill,791,191,882,393
blister_55.jpg,1300,875,pill,969,190,1060,392
blister_55.jpg,1300,875,pill,963,443,1054,645
blister_55.jpg,1300,875,pill,790,440,881,642
blister_55.jpg,1300,875,pill,619,440,710,642
blister_55.jpg,1300,875,pill,442,439,533,641
blister_55.jpg,1300,875,pill,266,439,357,641
blister_69.jp2,390,280,pill,63,29,94,99
blister_69.jp2,390,280,pill,102,27,133,97
blister_69.jp2,390,280,pill,142,27,173,97
blister_69.jp2,390,280,pill,182,28,213,98
blister_69.jp2,390,280,pill,223,110,254,180
blister_69.jp2,390,280,pill,183,111,214,181
blister_69.jp2,390,280,pill,144,110,175,180
blister_69.jp2,390,280,pill,103,110,134,180
blister_69.jp2,390,280,pill,63,110,94,180
blister_82.jpg,1024,1024,pill,120,396,274,555
blister_82.jpg,1024,1024,pill,362,294,516,453
blister_82.jpg,1024,1024,pill,600,200,754,359
blister_82.jpg,1024,1024,pill,703,437,857,596
blister_82.jpg,1024,1024,pill,462,535,616,694
blister_82.jpg,1024,1024,pill,221,635,375,794
blister_80.jpg,612,410,pill,187,144,254,197
blister_80.jpg,612,410,pill,256,117,323,170
blister_80.jpg,612,410,pill,306,150,373,203
blister_80.jpg,612,410,pill,237,180,304,233
blister_80.jpg,612,410,pill,289,212,356,265
blister_80.jpg,612,410,pill,358,183,425,236
blister_80.jpg,612,410,pill,414,210,481,263
blister_80.jpg,612,410,pill,345,244,412,297
blister_94.jpg,1300,866,pill,246,249,396,314
blister_94.jpg,1300,866,pill,419,244,569,309
blister_94.jpg,1300,866,pill,666,227,816,292
blister_94.jpg,1300,866,pill,844,224,994,289
blister_94.jpg,1300,866,pill,239,319,389,384
blister_94.jpg,1300,866,pill,240,388,390,453
blister_94.jpg,1300,866,pill,224,532,389,609
blister_94.jpg,1300,866,pill,236,459,386,524
blister_94.jpg,1300,866,pill,416,525,581,602
blister_94.jpg,1300,866,pill,416,450,581,527
blister_94.jpg,1300,866,pill,418,374,583,451
blister_94.jpg,1300,866,pill,418,305,583,382
blister_57.jpg,1300,863,pill,299,289,451,433
blister_57.jpg,1300,863,pill,453,288,605,432
blister_57.jpg,1300,863,pill,606,291,758,435
blister_57.jpg,1300,863,pill,754,293,906,437
blister_57.jpg,1300,863,pill,903,299,1055,443
blister_57.jpg,1300,863,pill,906,450,1058,594
blister_57.jpg,1300,863,pill,757,447,909,591
blister_57.jpg,1300,863,pill,608,444,760,588
blister_57.jpg,1300,863,pill,456,446,608,590
blister_57.jpg,1300,863,pill,296,442,448,586
blister_56.jpg,800,731,pill,341,100,491,203
blister_56.jpg,800,731,pill,290,168,440,271
blister_56.jpg,800,731,pill,245,237,395,340
blister_56.jpg,800,731,pill,193,308,348,424
blister_56.jpg,800,731,pill,127,383,282,499
blister_56.jpg,800,731,pill,297,463,452,579
blister_56.jpg,800,731,pill,353,387,508,503
blister_56.jpg,800,731,pill,408,316,563,432
blister_56.jpg,800,731,pill,453,241,608,357
blister_56.jpg,800,731,pill,503,169,658,285
blister_81.jpg,612,368,pill,105,104,161,162
blister_81.jpg,612,368,pill,150,153,206,211
blister_81.jpg,612,368,pill,105,197,161,255
blister_81.jpg,612,368,pill,192,201,248,259
blister_81.jpg,612,368,pill,191,102,247,160
blister_81.jpg,612,368,pill,236,152,292,210
blister_81.jpg,612,368,pill,278,106,334,164
blister_81.jpg,612,368,pill,279,199,335,257
blister_81.jpg,612,368,pill,323,155,379,213
blister_81.jpg,612,368,pill,367,108,423,166
blister_81.jpg,612,368,pill,368,205,424,263
blister_81.jpg,612,368,pill,411,156,467,214
blister_81.jpg,612,368,pill,455,106,511,164
blister_81.jpg,612,368,pill,455,201,511,259
blister_25.jpg,216,233,pill,57,65,87,95
blister_25.jpg,216,233,pill,90,60,120,90
blister_25.jpg,216,233,pill,122,55,152,85
blister_25.jpg,216,233,pill,125,88,155,118
blister_25.jpg,216,233,pill,93,92,123,122
blister_25.jpg,216,233,pill,64,96,91,129
blister_25.jpg,216,233,pill,68,130,95,163
blister_25.jpg,216,233,pill,100,125,127,158
blister_25.jpg,216,233,pill,133,120,160,153
blister_31.jpg,192,263,pill,37,49,73,68
blister_31.jpg,192,263,pill,35,84,71,103
blister_31.jpg,192,263,pill,36,118,72,137
blister_31.jpg,192,263,pill,35,155,71,174
blister_31.jpg,192,263,pill,34,190,70,209
blister_31.jpg,192,263,pill,117,188,153,207
blister_31.jpg,192,263,pill,114,154,152,173
blister_31.jpg,192,263,pill,114,119,152,138
blister_31.jpg,192,263,pill,116,83,154,102
blister_31.jpg,192,263,pill,113,49,151,68
blister_19.jpg,254,199,pill,48,32,72,94
blister_19.jpg,254,199,pill,84,30,108,92
blister_19.jpg,254,199,pill,120,32,144,94
blister_19.jpg,254,199,pill,157,31,181,93
blister_19.jpg,254,199,pill,193,32,217,94
blister_19.jpg,254,199,pill,194,102,218,164
blister_19.jpg,254,199,pill,157,102,181,164
blister_19.jpg,254,199,pill,120,102,144,164
blister_19.jpg,254,199,pill,84,103,108,165
blister_19.jpg,254,199,pill,47,102,71,164
blister_18.jpg,1023,716,pill,91,191,223,326
blister_18.jpg,1023,716,pill,266,190,398,325
blister_18.jpg,1023,716,pill,440,192,572,327
blister_18.jpg,1023,716,pill,617,192,749,327
blister_18.jpg,1023,716,pill,796,191,928,326
blister_18.jpg,1023,716,pill,793,399,925,534
blister_18.jpg,1023,716,pill,619,396,751,531
blister_18.jpg,1023,716,pill,440,394,572,529
blister_18.jpg,1023,716,pill,266,395,398,530
blister_18.jpg,1023,716,pill,88,395,220,530
blister_30.jpg,246,205,pill,39,19,71,51
blister_30.jpg,246,205,pill,74,20,106,52
blister_30.jpg,246,205,pill,110,20,142,52
blister_30.jpg,246,205,pill,110,56,142,88
blister_30.jpg,246,205,pill,74,55,106,87
blister_30.jpg,246,205,pill,39,55,71,87
blister_30.jpg,246,205,pill,39,103,71,135
blister_30.jpg,246,205,pill,74,104,106,136
blister_30.jpg,246,205,pill,39,139,71,171
blister_30.jpg,246,205,pill,75,140,107,172
blister_30.jpg,246,205,pill,111,105,143,137
blister_30.jpg,246,205,pill,111,140,143,172
blister_30.jpg,246,205,pill,147,104,179,136
blister_24.jpg,300,168,pill,39,47,69,71
blister_24.jpg,300,168,pill,86,46,116,70
blister_24.jpg,300,168,pill,132,46,162,70
blister_24.jpg,300,168,pill,178,46,208,70
blister_24.jpg,300,168,pill,224,46,254,70
blister_24.jpg,300,168,pill,234,76,267,104
blister_24.jpg,300,168,pill,183,76,216,104
blister_24.jpg,300,168,pill,130,76,163,104
blister_24.jpg,300,168,pill,79,76,112,104
blister_24.jpg,300,168,pill,26,76,59,104
blister_32.jpg,194,259,pill,71,52,116,94
blister_32.jpg,194,259,pill,137,67,182,109
blister_32.jpg,194,259,pill,102,115,147,157
blister_32.jpg,194,259,pill,20,113,65,155
blister_32.jpg,194,259,pill,61,166,109,212
blister_32.jpg,194,259,pill,146,168,194,214
blister_32.jpg,194,259,pill,13,228,64,259
blister_26.jpg,248,203,pill,55,36,89,68
blister_26.jpg,248,203,pill,103,35,137,67
blister_26.jpg,248,203,pill,149,35,183,67
blister_26.jpg,248,203,pill,150,76,184,108
blister_26.jpg,248,203,pill,102,76,136,108
blister_26.jpg,248,203,pill,151,117,185,149
blister_26.jpg,248,203,pill,104,117,138,150
blister_26.jpg,248,203,pill,55,117,89,150
blister_27.jpg,294,171,pill,27,35,86,56
blister_27.jpg,294,171,pill,43,47,99,72
blister_27.jpg,294,171,pill,54,61,115,87
blister_27.jpg,294,171,pill,72,77,138,110
blister_27.jpg,294,171,pill,93,97,163,133
blister_27.jpg,294,171,pill,167,73,219,110
blister_27.jpg,294,171,pill,139,59,194,91
blister_27.jpg,294,171,pill,120,47,171,74
blister_27.jpg,294,171,pill,105,34,151,60
blister_27.jpg,294,171,pill,90,23,134,48
blister_27.jpg,294,171,pill,137,5,179,31
blister_27.jpg,294,171,pill,157,15,202,41
blister_27.jpg,294,171,pill,198,35,243,67
blister_27.jpg,294,171,pill,217,49,270,85
blister_33.jpg,275,183,pill,18,2,46,28
blister_33.jpg,275,183,pill,48,2,76,28
blister_33.jpg,275,183,pill,76,1,104,27
blister_33.jpg,275,183,pill,106,1,134,27
blister_33.jpg,275,183,pill,106,30,134,56
blister_33.jpg,275,183,pill,77,31,105,57
blister_33.jpg,275,183,pill,48,31,76,57
blister_33.jpg,275,183,pill,18,31,46,57
blister_33.jpg,275,183,pill,20,64,46,89
blister_33.jpg,275,183,pill,50,63,76,88
blister_33.jpg,275,183,pill,79,62,105,87
blister_33.jpg,275,183,pill,109,63,135,88
blister_33.jpg,275,183,pill,153,1,179,25
blister_33.jpg,275,183,pill,153,28,179,53
blister_33.jpg,275,183,pill,152,59,178,84
blister_33.jpg,275,183,pill,181,58,207,83
blister_33.jpg,275,183,pill,181,28,207,53
blister_33.jpg,275,183,pill,182,1,208,25
blister_33.jpg,275,183,pill,211,1,237,25
blister_33.jpg,275,183,pill,210,28,236,53
blister_33.jpg,275,183,pill,210,58,236,83
blister_33.jpg,275,183,pill,236,59,262,84
blister_33.jpg,275,183,pill,237,29,263,54
blister_33.jpg,275,183,pill,238,1,264,25
blister_8.jpg,216,233,pill,32,10,45,32
blister_8.jpg,216,233,pill,47,11,60,33
blister_8.jpg,216,233,pill,60,9,76,32
blister_8.jpg,216,233,pill,75,9,91,32
blister_8.jpg,216,233,pill,77,35,91,59
blister_8.jpg,216,233,pill,61,35,75,59
blister_8.jpg,216,233,pill,46,35,60,59
blister_8.jpg,216,233,pill,31,35,45,59
blister_8.jpg,216,233,pill,138,12,148,27
blister_8.jpg,216,233,pill,150,11,160,29
blister_8.jpg,216,233,pill,162,11,173,28
blister_8.jpg,216,233,pill,174,12,185,28
blister_8.jpg,216,233,pill,14,71,30,89
blister_8.jpg,216,233,pill,32,70,48,88
blister_8.jpg,216,233,pill,50,70,66,88
blister_8.jpg,216,233,pill,68,70,84,88
blister_8.jpg,216,233,pill,86,70,102,88
blister_8.jpg,216,233,pill,87,90,103,108
blister_8.jpg,216,233,pill,68,90,84,108
blister_8.jpg,216,233,pill,50,89,66,107
blister_8.jpg,216,233,pill,32,89,48,107
blister_8.jpg,216,233,pill,13,90,29,108
blister_8.jpg,216,233,pill,21,119,37,134
blister_8.jpg,216,233,pill,22,135,36,149
blister_8.jpg,216,233,pill,50,126,68,142
blister_8.jpg,216,233,pill,80,119,98,133
blister_8.jpg,216,233,pill,82,135,97,150
blister_8.jpg,216,233,pill,127,40,138,51
blister_8.jpg,216,233,pill,127,51,138,61
blister_8.jpg,216,233,pill,128,63,138,72
blister_8.jpg,216,233,pill,127,73,137,84
blister_8.jpg,216,233,pill,127,85,138,95
blister_8.jpg,216,233,pill,139,39,148,50
blister_8.jpg,216,233,pill,139,51,149,61
blister_8.jpg,216,233,pill,138,63,149,72
blister_8.jpg,216,233,pill,139,74,149,84
blister_8.jpg,216,233,pill,139,85,148,95
blister_8.jpg,216,233,pill,150,40,160,50
blister_8.jpg,216,233,pill,150,51,160,61
blister_8.jpg,216,233,pill,151,61,160,73
blister_8.jpg,216,233,pill,150,74,160,83
blister_8.jpg,216,233,pill,149,85,160,94
blister_8.jpg,216,233,pill,161,40,171,50
blister_8.jpg,216,233,pill,161,51,171,60
blister_8.jpg,216,233,pill,161,62,172,71
blister_8.jpg,216,233,pill,161,73,171,83
blister_8.jpg,216,233,pill,161,85,171,94
blister_8.jpg,216,233,pill,172,40,183,51
blister_8.jpg,216,233,pill,184,40,194,51
blister_8.jpg,216,233,pill,172,52,182,61
blister_8.jpg,216,233,pill,184,52,194,61
blister_8.jpg,216,233,pill,173,62,183,72
blister_8.jpg,216,233,pill,184,62,195,72
blister_8.jpg,216,233,pill,172,73,182,83
blister_8.jpg,216,233,pill,184,74,194,83
blister_8.jpg,216,233,pill,172,84,182,94
blister_8.jpg,216,233,pill,184,85,193,94
blister_8.jpg,216,233,pill,118,109,138,127
blister_8.jpg,216,233,pill,137,110,153,128
blister_8.jpg,216,233,pill,152,109,169,127
blister_8.jpg,216,233,pill,169,108,186,129
blister_8.jpg,216,233,pill,185,108,202,129
blister_8.jpg,216,233,pill,118,128,137,148
blister_8.jpg,216,233,pill,136,129,153,149
blister_8.jpg,216,233,pill,153,130,170,148
blister_8.jpg,216,233,pill,169,130,187,149
blister_8.jpg,216,233,pill,186,129,203,148
blister_8.jpg,216,233,pill,16,162,36,183
blister_8.jpg,216,233,pill,35,161,52,183
blister_8.jpg,216,233,pill,52,161,69,183
blister_8.jpg,216,233,pill,69,161,86,183
blister_8.jpg,216,233,pill,87,161,104,183
blister_8.jpg,216,233,pill,87,183,104,205
blister_8.jpg,216,233,pill,69,183,86,205
blister_8.jpg,216,233,pill,52,183,69,205
blister_8.jpg,216,233,pill,35,183,52,205
blister_8.jpg,216,233,pill,17,183,34,205
blister_8.jpg,216,233,pill,124,159,140,180
blister_8.jpg,216,233,pill,138,159,154,180
blister_8.jpg,216,233,pill,152,159,168,180
blister_8.jpg,216,233,pill,165,159,181,180
blister_8.jpg,216,233,pill,181,159,194,181
blister_8.jpg,216,233,pill,181,181,194,203
blister_8.jpg,216,233,pill,167,180,180,202
blister_8.jpg,216,233,pill,153,180,166,202
blister_8.jpg,216,233,pill,139,180,152,202
blister_8.jpg,216,233,pill,126,181,139,203
blister_37.jpg,275,183,pill,71,68,95,106
blister_37.jpg,275,183,pill,92,60,116,98
blister_37.jpg,275,183,pill,116,53,140,91
blister_37.jpg,275,183,pill,139,44,163,82
blister_37.jpg,275,183,pill,162,37,186,75
blister_37.jpg,275,183,pill,178,81,202,119
blister_37.jpg,275,183,pill,155,87,179,125
blister_37.jpg,275,183,pill,133,97,157,135
blister_37.jpg,275,183,pill,109,105,133,143
blister_37.jpg,275,183,pill,86,113,110,151
blister_23.jpg,284,178,pill,51,67,83,93
blister_23.jpg,284,178,pill,87,66,119,92
blister_23.jpg,284,178,pill,124,65,156,91
blister_23.jpg,284,178,pill,162,66,194,92
blister_23.jpg,284,178,pill,199,65,231,91
blister_23.jpg,284,178,pill,202,92,234,118
blister_23.jpg,284,178,pill,164,91,196,117
blister_23.jpg,284,178,pill,125,92,157,118
blister_23.jpg,284,178,pill,86,91,118,117
blister_23.jpg,284,178,pill,48,91,80,117
blister_22.jpg,225,225,pill,38,82,66,101
blister_22.jpg,225,225,pill,73,65,100,84
blister_22.jpg,225,225,pill,53,89,81,108
blister_22.jpg,225,225,pill,87,73,114,91
blister_22.jpg,225,225,pill,105,81,130,100
blister_22.jpg,225,225,pill,70,98,97,118
blister_22.jpg,225,225,pill,119,89,146,109
blister_22.jpg,225,225,pill,84,107,111,127
blister_22.jpg,225,225,pill,101,117,128,138
blister_22.jpg,225,225,pill,134,97,161,118
blister_22.jpg,225,225,pill,152,106,179,127
blister_22.jpg,225,225,pill,118,127,145,148
blister_22.jpg,225,225,pill,134,139,166,161
blister_22.jpg,225,225,pill,169,116,201,138
blister_36.jpg,259,194,pill,76,30,121,49
blister_36.jpg,259,194,pill,127,30,172,49
blister_36.jpg,259,194,pill,130,48,175,67
blister_36.jpg,259,194,pill,76,47,121,66
blister_36.jpg,259,194,pill,76,66,121,85
blister_36.jpg,259,194,pill,129,65,174,84
blister_36.jpg,259,194,pill,131,85,176,104
blister_36.jpg,259,194,pill,74,84,119,103
blister_36.jpg,259,194,pill,72,104,122,127
blister_36.jpg,259,194,pill,131,106,181,129
blister_9.jpg,225,225,pill,36,86,65,104
blister_9.jpg,225,225,pill,69,75,98,93
blister_9.jpg,225,225,pill,86,90,115,108
blister_9.jpg,225,225,pill,50,101,79,119
blister_9.jpg,225,225,pill,67,116,95,136
blister_9.jpg,225,225,pill,103,105,131,125
blister_9.jpg,225,225,pill,121,120,150,141
blister_9.jpg,225,225,pill,84,133,113,155
blister_9.jpg,225,225,pill,103,151,133,178
blister_9.jpg,225,225,pill,141,137,171,164
blister_20.jpg,284,178,pill,49,46,75,70
blister_20.jpg,284,178,pill,88,46,114,70
blister_20.jpg,284,178,pill,127,47,153,71
blister_20.jpg,284,178,pill,167,47,193,71
blister_20.jpg,284,178,pill,207,46,233,70
blister_20.jpg,284,178,pill,205,84,232,110
blister_20.jpg,284,178,pill,166,85,193,111
blister_20.jpg,284,178,pill,126,84,153,110
blister_20.jpg,284,178,pill,87,84,114,110
blister_20.jpg,284,178,pill,47,84,74,110
blister_34.jpg,233,216,pill,42,49,62,95
blister_34.jpg,233,216,pill,72,49,92,95
blister_34.jpg,233,216,pill,104,48,124,94
blister_34.jpg,233,216,pill,133,49,153,95
blister_34.jpg,233,216,pill,164,48,184,94
blister_34.jpg,233,216,pill,163,113,183,159
blister_34.jpg,233,216,pill,134,113,154,159
blister_34.jpg,233,216,pill,102,112,122,158
blister_34.jpg,233,216,pill,72,113,92,159
blister_34.jpg,233,216,pill,43,114,63,160
blister_35.jpg,275,183,pill,146,2,169,20
blister_35.jpg,275,183,pill,123,13,144,32
blister_35.jpg,275,183,pill,99,26,120,45
blister_35.jpg,275,183,pill,75,38,96,57
blister_35.jpg,275,183,pill,100,52,121,71
blister_35.jpg,275,183,pill,124,39,145,58
blister_35.jpg,275,183,pill,147,26,168,45
blister_35.jpg,275,183,pill,170,13,191,32
blister_35.jpg,275,183,pill,195,26,216,45
blister_35.jpg,275,183,pill,173,40,194,59
blister_35.jpg,275,183,pill,150,53,171,72
blister_35.jpg,275,183,pill,124,67,147,86
blister_35.jpg,275,183,pill,152,84,175,103
blister_35.jpg,275,183,pill,175,69,198,88
blister_35.jpg,275,183,pill,198,53,221,74
blister_35.jpg,275,183,pill,221,38,244,58
blister_35.jpg,275,183,pill,250,52,273,73
blister_35.jpg,275,183,pill,229,67,252,88
blister_35.jpg,275,183,pill,207,83,230,104
blister_35.jpg,275,183,pill,182,100,205,121
blister_21.jpg,249,203,pill,24,15,53,84
blister_21.jpg,249,203,pill,66,16,95,85
blister_21.jpg,249,203,pill,108,15,137,84
blister_21.jpg,249,203,pill,149,15,178,84
blister_21.jpg,249,203,pill,190,15,219,84
blister_21.jpg,249,203,pill,190,110,219,179
blister_21.jpg,249,203,pill,148,111,177,180
blister_21.jpg,249,203,pill,108,112,137,181
blister_21.jpg,249,203,pill,66,110,95,179
blister_21.jpg,249,203,pill,24,111,53,180
